onset	duration	run_number	trial_number	att_task	bar_direction	bar_period	bar_step	stim_noise_ori	stim_stair_val	response_val	probe_time	reaction_time
615110.4289	1.602136763	1	1	1	9	1	1	3	n/a	n/a	n/a	n/a
615112.0311	1.600245762	1	2	1	9	1	2	3	n/a	n/a	n/a	n/a
615113.6313	1.600341534	1	3	1	9	1	3	3	n/a	n/a	n/a	n/a
615115.2317	1.600140332	1	4	1	9	1	4	3	n/a	n/a	n/a	n/a
615116.8318	1.600238859	1	5	1	9	1	5	3	n/a	n/a	n/a	n/a
615118.432	1.600223793	1	6	1	9	1	6	3	n/a	n/a	n/a	n/a
615120.0323	1.60024459	1	7	1	9	1	7	3	n/a	n/a	n/a	n/a
615121.6325	1.600241286	1	8	1	9	1	8	3	n/a	n/a	n/a	n/a
615123.2327	1.600243793	1	9	1	9	1	9	3	n/a	n/a	n/a	n/a
615124.833	1.600227966	1	10	1	9	1	10	3	n/a	n/a	n/a	n/a
615126.4332	1.600231352	1	11	1	9	1	11	3	n/a	n/a	n/a	n/a
615128.0334	1.600238203	1	12	1	9	1	12	3	n/a	n/a	n/a	n/a
615129.6337	1.600270755	1	13	1	1	2	1	2	9	n/a	615130.2338	n/a
615131.234	1.600218252	1	14	1	1	2	2	2	9	n/a	615131.834	n/a
615132.8342	1.600240931	1	15	1	1	2	3	2	9	n/a	615133.4343	n/a
615134.4344	1.600233928	1	16	1	1	2	4	2	9	n/a	615135.0345	n/a
615136.0346	1.600228866	1	17	1	1	2	5	2	9	n/a	615136.6347	n/a
615137.6349	1.600284024	1	18	1	1	2	6	1	9	n/a	615138.235	n/a
615139.2352	1.60029031	1	19	1	1	2	7	2	9	n/a	615139.8353	n/a
615140.8354	1.600252683	1	20	1	1	2	8	1	9	n/a	615141.4355	n/a
615142.4357	1.600239314	1	21	1	1	2	9	1	9	n/a	615143.0358	n/a
615144.0359	1.600242407	1	22	1	1	2	10	2	9	n/a	615144.636	n/a
615145.6362	1.600236645	1	23	1	1	2	11	1	9	n/a	615146.2363	n/a
615147.2364	1.600191521	1	24	1	1	2	12	2	9	n/a	615147.8364	n/a
615148.8366	1.600282765	1	25	1	1	2	13	2	9	n/a	615149.4367	n/a
615150.4369	1.600115511	1	26	1	1	2	14	1	9	n/a	615151.037	n/a
615152.037	1.600231569	1	27	1	1	2	15	2	9	n/a	615152.6371	n/a
615153.6372	1.600246283	1	28	1	1	2	16	2	9	n/a	615154.2373	n/a
615155.2375	1.600224924	1	29	1	1	2	17	2	9	n/a	615155.8376	n/a
615156.8377	1.600259114	1	30	1	1	2	18	1	9	n/a	615157.4378	n/a
615158.438	1.600243814	1	31	1	1	2	19	2	9	n/a	615159.0381	n/a
615160.0382	1.600250058	1	32	1	1	2	20	1	9	n/a	615160.6383	n/a
615161.6385	1.600299941	1	33	1	1	2	21	2	9	n/a	615162.2386	n/a
615163.2388	1.600266455	1	34	1	1	2	22	2	9	n/a	615163.8389	n/a
615164.839	1.600099556	1	35	1	1	2	23	2	9	n/a	615165.439	n/a
615166.4391	1.600245055	1	36	1	1	2	24	2	9	n/a	615167.0392	n/a
615168.0394	1.60024761	1	37	1	9	3	1	3	n/a	n/a	n/a	n/a
615169.6396	1.600236083	1	38	1	9	3	2	3	n/a	n/a	n/a	n/a
615171.2399	1.600258959	1	39	1	9	3	3	3	n/a	n/a	n/a	n/a
615172.8401	1.600227169	1	40	1	9	3	4	3	n/a	n/a	n/a	n/a
615174.4403	1.600239055	1	41	1	9	3	5	3	n/a	n/a	n/a	n/a
615176.0406	1.600240514	1	42	1	9	3	6	3	n/a	n/a	n/a	n/a
615177.6408	1.600238369	1	43	1	9	3	7	3	n/a	n/a	n/a	n/a
615179.2411	1.600236872	1	44	1	9	3	8	3	n/a	n/a	n/a	n/a
615180.8413	1.600347434	1	45	1	9	3	9	3	n/a	n/a	n/a	n/a
615182.4416	1.600222386	1	46	1	9	3	10	3	n/a	n/a	n/a	n/a
615184.0419	1.600251665	1	47	1	9	3	11	3	n/a	n/a	n/a	n/a
615185.6421	1.600104894	1	48	1	9	3	12	3	n/a	n/a	n/a	n/a
615187.2422	1.600234548	1	49	1	3	4	1	1	9	n/a	615187.8423	n/a
615188.8425	1.600250562	1	50	1	3	4	2	1	9	n/a	615189.4426	n/a
615190.4427	1.600239493	1	51	1	3	4	3	2	9	n/a	615191.0429	n/a
615192.043	1.600242045	1	52	1	3	4	4	2	9	n/a	615192.6431	n/a
615193.6432	1.600246683	1	53	1	3	4	5	2	9	n/a	615194.2433	n/a
615195.2434	1.600232876	1	54	1	3	4	6	2	9	n/a	615195.8435	n/a
615196.8437	1.600252597	1	55	1	3	4	7	2	9	n/a	615197.4438	n/a
615198.4439	1.600226572	1	56	1	3	4	8	1	9	n/a	615199.044	n/a
615200.0442	1.60023571	1	57	1	3	4	9	1	9	n/a	615200.6442	n/a
615201.6444	1.600255817	1	58	1	3	4	10	1	9	n/a	615202.2445	n/a
615203.2446	1.6002694	1	59	1	3	4	11	2	9	n/a	615203.8447	n/a
615204.8449	1.600293248	1	60	1	3	4	12	1	9	n/a	615205.445	n/a
615206.4452	1.600246331	1	61	1	3	4	13	1	9	n/a	615207.0453	n/a
615208.0455	1.600241524	1	62	1	3	4	14	1	9	n/a	615208.6454	n/a
615209.6457	1.600101646	1	63	1	3	4	15	2	9	n/a	615210.2456	n/a
615211.2458	1.60025199	1	64	1	3	4	16	1	9	n/a	615211.8459	n/a
615212.846	1.60023519	1	65	1	3	4	17	1	9	n/a	615213.4461	n/a
615214.4463	1.600250965	1	66	1	3	4	18	1	9	n/a	615215.0464	n/a
615216.0465	1.600233379	1	67	1	3	4	19	2	9	n/a	615216.6466	n/a
615217.6468	1.600239583	1	68	1	3	4	20	2	9	n/a	615218.2468	n/a
615219.247	1.600230955	1	69	1	3	4	21	1	9	n/a	615219.8471	n/a
615220.8472	1.600236952	1	70	1	3	4	22	2	9	n/a	615221.4473	n/a
615222.4475	1.600251258	1	71	1	3	4	23	2	9	n/a	615223.0476	n/a
615224.0477	1.600248841	1	72	1	3	4	24	2	9	n/a	615224.6478	n/a
615225.648	1.600291776	1	73	1	9	5	1	3	n/a	n/a	n/a	n/a
615227.2483	1.600279769	1	74	1	9	5	2	3	n/a	n/a	n/a	n/a
615228.8485	1.600117273	1	75	1	9	5	3	3	n/a	n/a	n/a	n/a
615230.4487	1.6002304	1	76	1	9	5	4	3	n/a	n/a	n/a	n/a
615232.0489	1.600371323	1	77	1	9	5	5	3	n/a	n/a	n/a	n/a
615233.6493	1.600229928	1	78	1	9	5	6	3	n/a	n/a	n/a	n/a
615235.2495	1.60012708	1	79	1	9	5	7	3	n/a	n/a	n/a	n/a
615236.8496	1.600236721	1	80	1	9	5	8	3	n/a	n/a	n/a	n/a
615238.4499	1.600234297	1	81	1	9	5	9	3	n/a	n/a	n/a	n/a
615240.0501	1.600241152	1	82	1	9	5	10	3	n/a	n/a	n/a	n/a
615241.6503	1.600246283	1	83	1	9	5	11	3	n/a	n/a	n/a	n/a
615243.2506	1.600229597	1	84	1	9	5	12	3	n/a	n/a	n/a	n/a
615244.8508	1.600238993	1	85	1	5	6	1	2	9	n/a	615245.4509	n/a
615246.451	1.600232786	1	86	1	5	6	2	1	9	n/a	615247.0511	n/a
615248.0513	1.600245386	1	87	1	5	6	3	2	9	n/a	615248.6514	n/a
615249.6515	1.600226238	1	88	1	5	6	4	2	9	n/a	615250.2516	n/a
615251.2518	1.600246172	1	89	1	5	6	5	1	9	n/a	615251.8518	n/a
615252.852	1.60027611	1	90	1	5	6	6	2	9	n/a	615253.4521	n/a
615254.4523	1.600285265	1	91	1	5	6	7	1	9	n/a	615255.0524	n/a
615256.0526	1.600252486	1	92	1	5	6	8	2	9	n/a	615256.6526	n/a
615257.6528	1.600128952	1	93	1	5	6	9	2	9	n/a	615258.2529	n/a
615259.2529	1.60022329	1	94	1	5	6	10	1	9	n/a	615259.853	n/a
615260.8532	1.600254083	1	95	1	5	6	11	2	9	n/a	615261.4533	n/a
615262.4534	1.60026351	1	96	1	5	6	12	1	9	n/a	615263.0535	n/a
615264.0537	1.600210496	1	97	1	5	6	13	1	9	n/a	615264.6537	n/a
615265.6539	1.600259638	1	98	1	5	6	14	2	9	n/a	615266.254	n/a
615267.2542	1.600262983	1	99	1	5	6	15	1	9	n/a	615267.8542	n/a
615268.8544	1.600282958	1	100	1	5	6	16	2	9	n/a	615269.4545	n/a
615270.4547	1.600271045	1	101	1	5	6	17	1	9	n/a	615271.0548	n/a
615272.055	1.600231003	1	102	1	5	6	18	2	9	n/a	615272.655	n/a
615273.6552	1.600236158	1	103	1	5	6	19	2	9	n/a	615274.2553	n/a
615275.2554	1.600239245	1	104	1	5	6	20	1	9	n/a	615275.8555	n/a
615276.8557	1.600158535	1	105	1	5	6	21	1	9	n/a	615277.4556	n/a
615278.4558	1.600205911	1	106	1	5	6	22	2	9	n/a	615279.0559	n/a
615280.056	1.600249707	1	107	1	5	6	23	2	9	n/a	615280.6561	n/a
615281.6563	1.600235583	1	108	1	5	6	24	1	9	n/a	615282.2564	n/a
615283.2565	1.600239638	1	109	1	9	7	1	3	n/a	n/a	n/a	n/a
615284.8568	1.600229542	1	110	1	9	7	2	3	n/a	n/a	n/a	n/a
615286.457	1.600246565	1	111	1	9	7	3	3	n/a	n/a	n/a	n/a
615288.0572	1.600241786	1	112	1	9	7	4	3	n/a	n/a	n/a	n/a
615289.6575	1.600235038	1	113	1	9	7	5	3	n/a	n/a	n/a	n/a
615291.2577	1.600224766	1	114	1	9	7	6	3	n/a	n/a	n/a	n/a
615292.8579	1.600241017	1	115	1	9	7	7	3	n/a	n/a	n/a	n/a
615294.4582	1.600236804	1	116	1	9	7	8	3	n/a	n/a	n/a	n/a
615296.0584	1.600248938	1	117	1	9	7	9	3	n/a	n/a	n/a	n/a
615297.6587	1.600200355	1	118	1	9	7	10	3	n/a	n/a	n/a	n/a
615299.2589	1.600274745	1	119	1	9	7	11	3	n/a	n/a	n/a	n/a
615300.8591	1.600237	1	120	1	9	7	12	3	n/a	n/a	n/a	n/a
615302.4594	1.6002213	1	121	1	7	8	1	2	9	n/a	615303.0595	n/a
615304.0596	1.600255659	1	122	1	7	8	2	2	9	n/a	615304.6597	n/a
615305.6599	1.600225955	1	123	1	7	8	3	1	9	n/a	615306.2599	n/a
615307.2601	1.600244765	1	124	1	7	8	4	1	9	n/a	615307.8602	n/a
615308.8603	1.600244214	1	125	1	7	8	5	2	9	n/a	615309.4604	n/a
615310.4606	1.600284565	1	126	1	7	8	6	2	9	n/a	615311.0607	n/a
615312.0609	1.600281686	1	127	1	7	8	7	2	9	n/a	615312.661	n/a
615313.6611	1.6002459	1	128	1	7	8	8	1	9	n/a	615314.2612	n/a
615315.2614	1.600104894	1	129	1	7	8	9	1	9	n/a	615315.8614	n/a
615316.8615	1.600264797	1	130	1	7	8	10	1	9	n/a	615317.4616	n/a
615318.4618	1.600343999	1	131	1	7	8	11	2	9	n/a	615319.0618	n/a
615320.0621	1.600136187	1	132	1	7	8	12	1	9	n/a	615320.6621	n/a
615321.6622	1.600243528	1	133	1	7	8	13	2	9	n/a	615322.2623	n/a
615323.2625	1.600234845	1	134	1	7	8	14	1	9	n/a	615323.8626	n/a
615324.8627	1.600234969	1	135	1	7	8	15	1	9	n/a	615325.4628	n/a
615326.4629	1.600236065	1	136	1	7	8	16	2	9	n/a	615327.063	n/a
615328.0632	1.6002134	1	137	1	7	8	17	1	9	n/a	615328.6634	n/a
615329.6634	1.600263803	1	138	1	7	8	18	1	9	n/a	615330.2635	n/a
615331.2637	1.600236907	1	139	1	7	8	19	2	9	n/a	615331.8638	n/a
615332.8639	1.600239862	1	140	1	7	8	20	2	9	n/a	615333.464	n/a
615334.4641	1.600238931	1	141	1	7	8	21	2	9	n/a	615335.0642	n/a
615336.0644	1.600225193	1	142	1	7	8	22	2	9	n/a	615336.6645	n/a
615337.6646	1.600250048	1	143	1	7	8	23	2	9	n/a	615338.2647	n/a
615339.2649	1.600241431	1	144	1	7	8	24	2	9	n/a	615339.865	n/a
615340.8651	1.600231759	1	145	1	9	9	1	3	n/a	n/a	n/a	n/a
615342.4653	1.608424627	1	146	1	9	9	2	3	n/a	n/a	n/a	n/a
615344.0738	1.600548155	1	147	1	9	9	3	3	n/a	n/a	n/a	n/a
615345.6743	1.600180573	1	148	1	9	9	4	3	n/a	n/a	n/a	n/a
615347.2745	1.600125511	1	149	1	9	9	5	3	n/a	n/a	n/a	n/a
615348.8746	1.600236024	1	150	1	9	9	6	3	n/a	n/a	n/a	n/a
615350.4748	1.600248734	1	151	1	9	9	7	3	n/a	n/a	n/a	n/a
615352.0751	1.600220528	1	152	1	9	9	8	3	n/a	n/a	n/a	n/a
615353.6753	1.600244669	1	153	1	9	9	9	3	n/a	n/a	n/a	n/a
615355.2756	1.600270962	1	154	1	9	9	10	3	n/a	n/a	n/a	n/a
615356.8758	1.600280362	1	155	1	9	9	11	3	n/a	n/a	n/a	n/a
615358.4761	1.600281489	1	156	1	9	9	12	3	n/a	n/a	n/a	n/a
